USE [PlaceHolder]
GO

SET DATEFORMAT DMY

insert into NAMHOC values(1, '2012-2013')
insert into NAMHOC values(2, '2013-2014')
insert into NAMHOC values(3, '2014-2015')

insert into HOCKY values(1, 1, N'HK I')
insert into HOCKY values(2, 1, N'HK II')
insert into HOCKY values(3, 1, N'HK Hè')
insert into HOCKY values(4, 2, N'HK I')
insert into HOCKY values(5, 2, N'HK II')
insert into HOCKY values(6, 2, N'HK Hè')
insert into HOCKY values(7, 3, N'HK I')
insert into HOCKY values(8, 3, N'HK II')
insert into HOCKY values(9, 3, N'HK Hè')

insert into KHOA values ('SE',N'Công Nghệ Phần Mềm')
insert into KHOA values ('CE',N'Kỹ thuật máy tính')
insert into KHOA values ('CS',N'Khoa học máy tính')
insert into KHOA values ('IS',N'Hệ thống thông tin')
insert into KHOA values ('NC',N'Mạng máy tính và truyền thông')

insert into LOP values ('SE2012',N'Lớp công nghệ phần mềm 2012','SE',1)
insert into LOP values ('SE2013',N'Lớp công nghệ phần mềm 2013','SE',2)
insert into LOP values ('SE2014',N'Lớp công nghệ phần mềm 2014','SE',3)
insert into LOP values ('CE2012',N'Lớp Kỹ thuật máy tính 2012','CE',1)
insert into LOP values ('CE2013',N'Lớp Kỹ thuật máy tính 2013','CE',2)
insert into LOP values ('CE2014',N'Lớp Kỹ thuật máy tính 2014','CE',3)
insert into LOP values ('CS2012',N'Lớp Khoa học máy tính 2012','CS',1)
insert into LOP values ('CS2013',N'Lớp Khoa học máy tính 2013','CS',2)
insert into LOP values ('CS2014',N'Lớp Khoa học máy tính 2014','CS',3)
insert into LOP values ('IS2012', N'Lớp hệ thống thông tin 2012', 'IS', 1)
insert into LOP values ('IS2013', N'Lớp hệ thống thông tin 2013', 'IS', 2)
insert into LOP values ('IS2014', N'Lớp hệ thống thông tin 2014', 'IS', 3)

insert into TAIKHOAN values('Admin','passadmin',N'nameadmin',1)
insert into TAIKHOAN values('GiangVien','passGV',N'nameGV',2)
insert into TAIKHOAN values('user','passuser',N'nameuser',3)

insert into SINHVIEN VALUES('12520001',N'Nguyễn Văn Tú','01/02/1988',N'Long Xuyên',N'Nam', '01234451234', 'SE2012')
insert into SINHVIEN VALUES('12520002',N'Nguyễn Ngọc An','01/02/1988',N'Bến Tre',	N'Nam', '012347845678', 'SE2012')
insert into SINHVIEN VALUES('12520003',N'Lê Hoàng Anh','15/04/1988',N'Chợ Mới',	N'Nam', '01234126789', 'SE2012')
insert into SINHVIEN VALUES('12520004',N'Huỳnh Thiện Chí','01/02/1988',N'Đồng Tháp',	N'Nam', '01234901567', 'CE2012')
insert into SINHVIEN VALUES('12520005',N'Lý Ngọc Duy','01/02/1988',N'Long Xuyên',	N'Nam', '0923445999', 'CE2012')
insert into SINHVIEN VALUES('12520006',N'Huỳnh Ngọc Diệp','01/02/1988',N'Bến Tre',N'Nữ', '01235445567', 'CS2012')
insert into SINHVIEN VALUES('12520007',N'Trần Thị Huệ','17/04/1988',N'Chợ Mới',	N'Nữ', '0925645999', 'CS2012')
insert into SINHVIEN VALUES('12520008',N'Nguyễn Thanh Duy','01/02/1988',N'Đồng Tháp', N'Nam', '0923545777', 'IS2012')
insert into SINHVIEN VALUES('13520001',N'Trần Phước Lập','01/02/1988',N'Long Xuyên', N'Nam', '01223445234', 'IS2013')
insert into SINHVIEN VALUES('13520002',N'Trương Thị Nga','01/02/1988',N'Bến Tre', N'Nữ', '0909844509', 'IS2013')
insert into SINHVIEN VALUES('13520003',N'Nguyễn Thị Nga',	'15/05/1988',N'Chợ Mới', N'Nữ', '0923423789', 'CS2013')
insert into SINHVIEN VALUES('13520004',N'Trần Thị Hồng','01/02/1988',N'Đồng Tháp',N'Nữ', '0923424668', 'SE2013')
insert into SINHVIEN VALUES('14520001',N'Huỳnh Thị Mỹ Ngọc','01/02/1988',N'Long Xuyên',N'Nữ', '0943456609', 'SE2014')
insert into SINHVIEN VALUES('14520002',N'Trần Thị Mỹ Nhân','01/02/1988',N'Bến Tre',N'Nữ', '0943457656', 'SE2014')
insert into SINHVIEN values('14520003',N'Lưu Diệc Phi', '01/03/1988',N'Nghệ An',N'Nữ','01234552345', 'CE2014')
insert into SINHVIEN values('14520004',N'Trương Hinh Dư','05/05/1988',N'Hà Nội',N'Nữ','01665778999','CE2014')
insert into SINHVIEN values('14520005',N'Ngô Diệc Phàm','02/04/1989',N'Tp Hồ Chí Minh',N'Nam','01223356799', 'SE2014')
insert into SINHVIEN values('14520006',N'Nguyễn Thị Thương','09/05/1989', N'Đà Nẵng', N'Nữ','01661234568', 'IS2014')

insert into GIANGVIEN values('GV0001',N'Nguyễn Văn Hải',' 05/06/1975',N'Đà Nẵng','Nam', '01661234568','Giảng viên',N'Cao Học','SE')
insert into GIANGVIEN values('GV0002',N'Nguyễn Văn Long','04/10/1977',N'Long An','Nam', '01661412548','Giảng viên',N'Cao Học','CE')
insert into GIANGVIEN values('GV0003',N'Trần Thị Huyền','10/1/1976',N'Tây Ninh','Nữ', '01661887421','Giảng viên',N'Thạc sĩ','IS')
insert into GIANGVIEN values('GV0004',N'Phạm Văn Nhật','10/10/1981',N'Hà Nội','Nam','01661234568','Giảng viên',N'Tiến sĩ','NC')
insert into GIANGVIEN values('GV0005',N'Phạm Minh Thiết','10/08/1983',N'Hồ Chí Minh','Nam','01661234568','Giảng viên',N'Cao Học','CS')
insert into GIANGVIEN values('GV0006',N'Trần Thị Thùy Linh','12/01/1981',N'Nghệ An','Nữ','01661234568','Giảng viên',N'Cao Học','SE')
insert into GIANGVIEN values('GV0007',N'Văn Bá Dzin','02/03/1973',N'Hồ Chí Minh','Nam','0923424668','Giảng viên',N'Cao Học','CS')
insert into GIANGVIEN values('GV0008',N'Bùi Thị Lan Anh','12/12/1986',N'Hồ Chí Minh','Nữ','01661234568','Giảng viên',N'Cao Học','SE')
insert into GIANGVIEN values('GV0009',N'Phan Hà Chi','11/6/1987',N'Khánh Hòa','Nữ','01661234568','Giảng viên',N'Cao Học','SE')
insert into GIANGVIEN values('GV0010',N'Nguyễn Hoài Phương','04/04/1973',N'Hồ Chí Minh','Nữ','01661234568','Giảng viên',N'Phó giáo sư','IS')

insert into MONHOC values('IT001',N'Nhập môn lập trình',3,'SE')
insert into MONHOC values('IT002',N'Nhập môn mạng máy tính',3,'NC')
insert into MONHOC values('IT003',N'Cấu trúc dữ liệu',3,'SE')
insert into MONHOC values('IT004',N'Lập trình hướng đối tượng',4,'SE')
insert into MONHOC values('IT005',N'Kiến trúc máy tính',3,'SE')
insert into MONHOC values('IT006',N'Hệ điều hành',4,'CE')
insert into MONHOC values('MA001',N'Giải tích 1',3,'SE')
insert into MONHOC values('MA002',N'Giải tích 2',3,'SE')
insert into MONHOC values('MA003',N'Đại số tuyến tính',4,'SE')
insert into MONHOC values('MA004',N'Xác suất thống kê',3,'IS')
insert into MONHOC values('MA005',N'Cấu trúc rời rạc',3,'CS')
insert into MONHOC values('SE001',N'Nhập môn công nghệ phần mềm',4,'SE')
insert into MONHOC values('SE002',N'Lập trình trực quan',4,'SE')
insert into MONHOC values('SE004',N'Nhập môn hệ thống nhúng',4,'SE')

insert into MONTIENQUYET values(1,'SE001','IT004')
insert into MONTIENQUYET values(2,'SE001','IT001')
insert into MONTIENQUYET values(3,'SE004','IT001')
insert into MONTIENQUYET values(4,'IT006','MA005')

insert into LOPHOC values(1,N'SE004.F21','1-2-3',N'Thứ 2','SE004',1)
insert into LOPHOC values(2,N'SE004.F22','3-4-5',N'Thứ 2','SE004',1)
insert into LOPHOC values(3,N'SE004.F23','6-7',N'Thứ 3','SE004',1)
insert into LOPHOC values(4,N'SE004.F24','6-7-8',N'Thứ 6','SE004',1)
insert into LOPHOC values(5,N'MA001.F21','2-3-4',N'Thứ 4','MA001',1)
insert into LOPHOC values(6,N'MA001.F22','1-2-3',N'Thứ 5','MA001',1)

insert into GIANGDAY values(1,1,'GV0001')
insert into GIANGDAY values(2,2,'GV0004')
insert into GIANGDAY values(3,3,'GV0003')
insert into GIANGDAY values(4,1,'GV0002')

insert into CHITIETLOPHOC values(1,1,'12520001')
insert into CHITIETLOPHOC values(2,1,'12520002')
insert into CHITIETLOPHOC values(3,1,'12520003')
insert into CHITIETLOPHOC values(4,1,'12520004')
insert into CHITIETLOPHOC values(5,1,'13520001')
insert into CHITIETLOPHOC values(6,1,'13520002')
insert into CHITIETLOPHOC values(7,1,'13520003')

insert into DIEM values(11,9.0,1)
insert into DIEM values(12,8.5,3)
insert into DIEM values(13,8.0,6)

insert into BANGDIEM values(1,1)
insert into BANGDIEM values(2,2)
insert into BANGDIEM values(3,3)
insert into BANGDIEM values(4,4)

insert into CHITIETBANGDIEM values(1,1,11)
insert into CHITIETBANGDIEM values(2,1,12)
insert into CHITIETBANGDIEM values(3,1,13)
insert into CHITIETBANGDIEM values(4,2,11)
insert into CHITIETBANGDIEM values(5,2,12)
insert into CHITIETBANGDIEM values(6,2,13)
insert into CHITIETBANGDIEM values(7,3,11)
insert into CHITIETBANGDIEM values(8,3,12)
insert into CHITIETBANGDIEM values(9,3,13)
